"Vehicle","Start Location Name","Start Time","End Location Name","End Time","Distance (mi)","Duration (min)","Fuel Cost (USD)","Average MPG","Fuel Volume (gal)","Hard Accelerations","Hard Brakes","Duration Over 70 mph (secs)","Duration Over 75 mph (secs)","Duration Over 80 mph (secs)","Start Location Lat","Start Location Lon","Start Location Accuracy (meters)","End Location Lat","End Location Lon","End Location Accuracy (meters)","Path"
"2011 Ford Focus","701 Monroe Street Northeast, Washington, DC 20017, USA","2015-06-12 9:01 AM","Anacostia Tributary Trail System, College Park, MD 20740, USA","2015-06-12 9:24 AM","6.83","22.48","0.80","23.96","0.29","2","0","0","0","0","38.932128","-76.995941","16.3999996185303","38.9958861","-76.9342272","4.40000009536743","y|rlFbi}tMiD?KLINKY}@{C_@eAWk@_@u@[c@oBeCiBaC_A}@w@g@iBg@yDkAWQqEoFiB{BkC}CcFaGgC_DcCuCcAmASc@Ik@?_A@aFAwD@aECuCGy@Mq@Yo@MQ[_@KKaAq@mEwCeEuC_Ao@YWe@g@UUMYEKOg@IY]sA]kC_BqM}AsLiAyIeAgGa@wA}@aBm@m@g@_@uAi@wGgA_@G{B{@}As@}BgAg@WiAw@iAaA_AeAw@mAe@{@aAaCY{@e@_AqAsCkBgE_AgB_BmCuAoBmBeCuDoFuAoBIJHKeBaC{@sA{BsCoBkCgAoAwD}Ea@i@kAcBcC{Cq@}@aCmD{@{AuCaFk@q@g@Wa@AU@wEpAy@J}J`@k@BmDVq@LyA`@iBt@aBx@gGxDe@X}HbFcDtBqCvBe@^e@ZiCnA_@NsAZm@JiB`@s@Ro@JeEPyCN{Fr@yIhA_CTiBZWEg@Iq@UKAmBkAgDwB{FqD}DiCkIeFqAu@MOeDuB}LyHaC_BkB}AaB_BmAuAgAwAyAyBoAyBcAsBmB}E{AgFr@eAn@}@`BuAd@Uh@Wx@m@bAqAdAaBvDuFpAwB~@mAbA_AnBiA\Ob@O|@M`BECmJ@CX?hBCDlIY@?T?TKAaBCaBD}@Lc@N]NIgCQyDEKIEW@"
"2011 Ford Focus","75 Bryant Street Northwest, Washington, DC 20001, USA","2015-06-12 8:50 AM","The Catholic University of America, 625-629 Monroe Street Northeast, Washington, DC 20017, USA","2015-06-12 8:56 AM","1.05","5.29","0.17","17.63","0.06","0","0","0","0","0","38.92157","-77.011565","9.19999980926514","38.9323527","-76.9967206","65","cyplFhi`uM@iOeGD}JEgG?eD@M}AIiBI_Ae@oGKe@Ui@W[}AoAeBuA}CeCuAmA}@iAu@qAsEcKeCgIaBuFEkCCeAAcB"
"2011 Ford Focus","64 Channing Street Northwest, Washington, DC 20001, USA","2015-06-12 8:49 AM","75 Bryant Street Northwest, Washington, DC 20001, USA","2015-06-12 8:49 AM","0.03","0.23","0.00","35.00","0.00","0","0","0","0","0","38.922057","-77.011487","6.40000009536743","38.92157","-77.011565","9.19999980926514","null"
"2011 Ford Focus","Anacostia Tributary Trail System, College Park, MD 20740, USA","2015-06-11 5:50 PM","64 Channing Street Northwest, Washington, DC 20001, USA","2015-06-11 6:24 PM","8.04","33.67","1.20","18.80","0.43","3","0","0","0","0","38.9958861","-76.9342272","4.40000009536743","38.922057","-77.011487","6.40000009536743","ui_mF~oqtMI@IJCPAd@LhFDnAhAm@\Ob@O|@M`BE`BBJ@?U?UXAN@BA`@kCC_EECS@]?DlIY@?T?TKAaBCk@@oAFo@Lu@ZoBhAe@`@{@~@aAxA}AbCwB|C_AzAcAvAY\y@l@i@Ve@TaBtAo@|@s@dAg@j@VbAfApDhArCbA|BdB`DfAzApAhBzAfBtAtAzAnAtAdAvBtAbEdCzGhEdBlAbIbFdQzKzGjEX\j@]jA_@n@Qh@AnBSpDg@fDc@pC]zBUvESxBMd@EhEcAxA_@jAg@bB{@v@g@hDiCjFiD|D_C|AaAdIgF`Ac@jAc@pAa@|@O~CO|Lk@h@Ij@Oh@OjA]p@O\GTB\R\b@dDbGv@rAjAfBbBtBP^jBbCfChDbDfE|BpCnDzEvHhK`HlJnAlBjAtBr@lAnAvC`@bArA~Cl@tAh@jADRTd@rAvBnApA^h@dBnAxBfAzB|@nA`@vAd@`Cf@|Cj@bA^^Tx@v@\l@d@dARr@n@fDb@zCrB~NxAhKz@|Gh@tDPp@Vh@PFP`@Z\d@f@`@XdAr@vLhINJLRXZPZRf@Lx@Bp@@nF@lDAtGA~A@\Ll@RZjBzBrG|H`IjJ~GlIZZTN|DjAz@Tv@Xp@f@j@j@b@j@vAhBhB~Bh@x@Zp@b@jAnAbExBlHpDzLhAtDVt@z@hBjBhEv@~A^l@|@hAtAlAbGzE|AnAVZTh@Jd@d@nGRhDNvBbD?hG?nJ?v@@?p@@v@hB@@lJ"
"2011 Ford Focus","7419 Baltimore Avenue, College Park, MD 20740, USA","2015-06-11 11:00 AM","Anacostia Tributary Trail System, College Park, MD 20740, USA","2015-06-11 11:08 AM","1.24","8.83","0.24","14.51","0.09","1","0","0","0","0","38.981844","-76.937561","6","38.9958861","-76.9342272","4.40000009536743","ys|lFt{qtMQCQYx@}F`@HtA^t@Rz@Tq@~E}F@eCEmDYkAQkA[mAWe@OyAi@kB{@eB{@_CsAiBoAgCwAw@c@I^ItAAl@@XF|@RjAu@XqBr@oAd@a@F{D@iLBiB@iAEmBBw@Fo@La@PMFIeCKyCCWCOGIOAM@"
"2011 Ford Focus","71 Bryant Street Northwest, Washington, DC 20001, USA","2015-06-11 10:31 AM","7419 Baltimore Avenue, College Park, MD 20740, USA","2015-06-11 10:54 AM","6.54","23.53","0.81","22.59","0.29","2","0","0","0","0","38.921618","-77.011447","6.40000009536743","38.981844","-76.937561","5","m|plFph`uMAgJ~AAJI?_B@]cBBsB@{KE}L@YuEc@_GMsAOg@[e@YYwCaCw@m@gEkDeAoA}@{AiC_GiAcCo@sBwDiMuCqJoAgEi@yAm@mAoAaBuAeBoAcB[[y@q@a@WyAa@_EkAWMSS}GkIuFqGaFgGwBiC{BkCQWOi@Ee@@aB@qDAwD@aECcCAo@My@Oe@]o@g@k@qLeImAy@_Au@UYUUMYEKOg@_@uAMq@eAiIy@}GkDaXeAoFQq@[o@e@w@g@g@SQYSu@]kAWkGcAcDoAcBy@wBeAsByA_BeBgAeBm@sAcAmCi@eAyAgD_CaF_CaEcGeIiDeFeDwEiGgIiDgEyAiBoAeBcByBmA}A}BaDqA{BqDiGSi@Q[Mi@?c@A]AQHkBNiDJ_IDuAHsATwBXsBRaALg@f@oBYA]GYIw@WsFcC|@uCT}@b@aD{D]sL}@}MgAsCGiJA{J?yA@}@?_@GqDEwD?iLABOICEAy@A"
"2011 Ford Focus","601-653 13th Street Northwest, Washington, DC 20005, USA","2015-06-10 6:59 PM","71 Bryant Street Northwest, Washington, DC 20001, USA","2015-06-10 7:15 PM","2.55","16.61","0.52","13.68","0.19","2","1","0","0","0","38.8975526","-77.0296172","5.19999980926514","38.921618","-77.011447","6.40000009536743","udllFfzcuMmF?}F?[A[GmE@oCBgA?A{@?cDWo@?sFjF?VCd@AsBmIoAsFO}AGcJFq@~BwIaD?_\@i\AeE?mACMg@s@yCyCsLgDkNsBJ}Kl@yEXqFZuCRI?G{@Gi@MeAUuA[uAg@uAEYAcB@{K?cBKH_B@@fJ"
"2011 Ford Focus","Anacostia Tributary Trail System, College Park, MD 20740, USA","2015-06-10 5:23 PM","601-653 13th Street Northwest, Washington, DC 20005, USA","2015-06-10 6:24 PM","16.18","60.87","2.04","22.17","0.73","3","0","0","0","0","38.9958861","-76.9342272","4.40000009536743","38.8975526","-77.0296172","5.19999980926514","ui_mF~oqtMI@IJCPAd@LhFDnAhAm@\Ob@O|@M`BE`BBJ@?U?UXAY@?T?TKAaBCaBD}@Lc@N]NoBhAcA~@_AlAqAvBqAlBeBfCeA`BcApAy@l@i@Ve@TaBtAo@|@s@dAe@yBe@kCy@iHSmCMsDM}F[uL]sUEeDB}@PeA^cAhDsItDuJxAsDnAiDl@aCZwBPiBDODoAB}DCuHEsZDwGHoCRqDx@oJvCkZbAqJZcEJaCNmDH}E@k@JgIJqTJoGLcENaHd@}B`@gAh@}@v@gAjAkAjA}@jAy@~@a@z@SnAStMlAjAVfBr@dGdGhDxCp@f@h@`@rBpAdDbBxCfA|Ad@nBd@zB`@hGt@tCZdDd@|Cn@bDfAvB|@z@d@xAz@hBnAxEzDfDnClC|BfC`BfCvApCtAhCnA|C`BxCfBdC|AlDbCdE~CdK|HdB`AvCjAXFrA\t@PpARzANfAFnABjDAvFA|AHx@HfBXdAXzAh@lB|@t@b@x@l@v@p@|@x@~A~AdC`CdBpAnAt@nAl@rAf@tA`@rAXvAPrAJtABhBAzFSxDO`DK~CBrBLpAPtATvAZrA`@rAd@pB~@dB|@vA`AnB`Bn@j@xA|AtA|ApAtA|AtAdAv@nCfBl@XfFtBfB|@|AbA`@\t@r@jAfAb@f@~BfDz@~AnBbE`@dAh@dB~AxF`BtFv@tBt@`B~@dBx@pArAfBdAlArApAlA`AzGpEnFlDzF|DfAz@fAbAx@`Az@hAR^rEvGrDtFbAbBrDzFjDzFpC`FrA`D`@nAd@fBXn@Hb@XlBV`DNrDDhDIfDU~Dm@lGyCd\Et@CfCNhDZ~CXlAbAtCnChHbAlClAfDVhAFb@D^Fr@@n@CrG[~QOfG[jKOjIMvGEfABtB?lDFbEAb@f@^bCnBvB~ArAbAn@h@jBxAnB|AtCtBh@^xA`ALHVJfE`ApInBbAVl@XfLzGbJzEtDvBnJdFhAn@bB`ApEdC`BbAFFZr@zAzEdClIt@fCxGrThGdS~DbNvAtE`A|C\pA?z@@dG?nAAXh@?dA@Z?VFHBHFLZlAxDlA`EVr@TbAFb@?p@?bCA^HV?vGE~KClCAjAEbR?|O@hBDb@d@xB@f@e@rCMhAk@zCa@nBcBdJaBdJyDdT_@nB]zAM|@m@`DuAhHK|AAlH@fAuB@kBAkCCaE?@eF?gS?eB`C@~@@AfE?|Hg@?"
"2011 Ford Focus","3115 14th Street Northwest, Washington, DC 20010, USA","2015-06-10 9:13 AM","Anacostia Tributary Trail System, College Park, MD 20740, USA","2015-06-10 9:43 AM","8.81","29.88","1.00","24.58","0.36","2","1","0","0","0","38.9298397","-77.0327239","65","38.9958861","-76.9342272","4.40000009536743","onrlFrmduMaA@O?Ot@mCpJe@fBg@lBm@hBeIAeLAsK?aDAcC?OG[EKQUUiGcF{FyEyGqFeCsBwAc@sC{@wLmD{Ak@_@Si@g@m@y@o@k@kA{@qCqB@kKEeEKgKUuTAmB{AeA}B}AeCaBeUmOcAq@gD{BAGCEUQ?cA\yAP{@AGJg@dCuK|B_KZaBDo@MoA{@}Fm@mEw@qFDUKaAYqBg@wDOg@Qa@W[e@[{IwEk@YQ?_EmCkA{@_Ay@i@k@u@gAk@eAo@cBs@qCYsA@k@c@kDg@{Ek@qFOiAQ_Ay@gDy@aCk@mAu@qAaB_CmAwAyIgJqJuJwD_EeAuAa@u@c@mAm@eCOcAI_AG}@Ks@Ig@i@mBc@}@s@gAqCsCcB{AaAi@cBc@SAoDCkAAg@C_ASy@_@}AgAaB}@wASs@CuABsNf@eBH_BXkDt@_APmIn@k@WKOEQA_@RuADgADgBi@kLm@{MqA}X_@uHUqEm@iMqAwYYkGIy@YgBk@{BeAuBq@}@SYaA_AoFgDyAaAmFgDsEwCsAy@mGwDMOs@c@{E{C{KcH}BeByAuAwAyA_AgA{AsBsAyBuAmCe@cAq@gBk@wAi@aBq@eCj@{@n@_AhB}Ad@UjAs@b@_@`AoAbAcBpBsCtAuBjAmB|@gAxAiAvAu@`@Qn@Mv@Gr@ATA?e@CgI?A@Ar@At@AX?@p@BzGY@?j@cCCuADw@Lo@TMFIeCKyCGg@GIOAM@"
"2011 Ford Focus","64 Channing Street Northwest, Washington, DC 20001, USA","2015-06-10 7:30 AM","3115 14th Street Northwest, Washington, DC 20010, USA","2015-06-10 7:46 AM","2.67","15.90","0.49","15.37","0.17","1","0","0","0","0","38.922057","-77.011487","4.80000019073486","38.9298397","-77.0327239","65","m|plFvh`uMAmJ~AAJI?_B@]cBBsB@{KE}L@_BAg@CgAMm@MeA]aBw@qDkBsAu@aCkA_By@WK{Bu@k@g@SSKa@Cc@Dg@FSPWPOPGb@ARFNLNTFRHt@DVHZHxBBf@FfD@vEChECzPFtHBzBDd@\rBFHRjAJj@hAxL`BxQH`BHdCEx@SvADlBh@dMZdHB~JE`LGXUb@y@dBIVd@?ZA"
"2011 Ford Focus","1901 West Street, Annapolis, MD 21401, USA","2015-06-09 3:34 PM","64 Channing Street Northwest, Washington, DC 20001, USA","2015-06-09 4:17 PM","28.95","42.92","2.66","30.47","0.95","5","1","63","0","0","38.9795738","-76.5238945","4.40000009536743","38.922057","-77.011487","4.80000019073486","yd|lFp_arM_Bq@UxDSfDUfC[`BwElQ{AbGWrBKb@WpCK|@c@hCsA`J_@rCWX_@PqF}CWGm@Gw@Au@Ju@ReEhAw@Go@Gy@_@c@a@e@s@[iAMw@?_@?]Fc@Li@Va@f@]b@I`@?b@L^VV\Tr@Z|AFNHFVvAr@xE~CjU~BzPdAjHHj@xAtKzDpZP~Ah@vGRtEF|C@tA@fCE`CGlD[~Ge@lGcAhKk@|Gi@|HyChi@[hJO~HC~G@fFF`D^dYJ`Hp@te@t@`h@L|HHlBPfCNtA`@tC^pBd@pBlB`GzBtFfGdO~Zvu@`EtJjBtDv@tAhAnBlTt^jE|HpKxSbHhN|@nBpA`Dx@dCbBxFdB|H|@rF`@dDl@nGzLpyAdAvLj@jFxAzKdHvf@lH`h@bAdHd@vD`@zEVpEL`DF`Et@vrA`@pu@f@~}@PdTF~CPvE`@~FLzArA~KzAvL\rCTfCZ|D^dJFnC`@ba@f@zg@XpWVvF`@fD\nBp@|CfAlD~HbUxMr_@xAhEx@nCbAbEv@zD|@rFr@hGZrDRtDnAf]|Bpp@nCtw@jAr]DbE?dEIpEShF]zEgEjb@yDj_@_A`Jm@lH]lHOlF_Ab_AUfQa@vf@AlE@rGHzFJxEp@vRv@tTl@~QZ`Hx@jUhAf\h@fPfAr[~@dWb@vJj@nPt@|SVjHLrDLzBLlATxA\bBJ^dAtC`@x@h@`AhAzAzAzAf@`@hAp@fBx@~DdBfBhA`A~@|AnBjB~CbCdEdGnKbYnf@|EjItAvB|B~C`CpCdAhAnDdD|DxCxDlCnHhFfBxAr@p@vB|BjBfCz@pAlBlDtBhE|CrH`BtE\bAzAfFbBrGl@pCxAzHl@zDpAhIhA~HVjCDtAAbCQbDaBzRaAxIc@bD}CrScBzK{@pGMvACz@?`@BjBLbBLdA^lBxAfFd@dBRfATxAVrBT|CJdFCrDIjB[nEqCnZk@tGEtA@|CZbEV~AVx@lBdFbCvGv@nBp@pBVhAJr@Hx@@dDMrJ[jQe@`PQbJM`G@fDH~HC|CDfDJhEDjIDpL?tEDrAFhANjA|AzGzDrOzFnUtC~MzApFZbAd@hANn@HZfBfHpExQ`CbKDt@~ApG\xAbEhPSl@qAdEwCbJ]fAsA`EkA?{A?eE?}EAiADcVAmO?yAEmHBAhA@v@hB@@lJ"
"2011 Ford Focus","1805 George Avenue, Annapolis, MD 21401, USA","2015-06-09 2:32 PM","1901 West Street, Annapolis, MD 21401, USA","2015-06-09 2:42 PM","0.73","9.88","0.26","8.02","0.09","1","0","0","0","0","38.9750959","-76.52133","3.20000004768372","38.9795738","-76.5238945","4.40000009536743","wk{lFhp`rMLq@HKBQQEeDeAkDkAwEaCcF_C]tASlAa@rDU|CCx@BhCCdAEx@IdB~Ap@"
"2011 Ford Focus","501-599 Allen Avenue, Stevensville, MD 21666, USA","2015-06-09 1:54 PM","1805 George Avenue, Annapolis, MD 21401, USA","2015-06-09 2:28 PM","20.36","33.89","1.84","30.96","0.66","3","0","0","0","0","38.9153175","-76.362816","4","38.9750959","-76.52133","3.20000004768372","ysolFrraqMCtEaCWcCKcBGMECGAQ@oJDeV@}WCm@aEj@mIfAyFt@iMdBw@FeCHqBAgCKmIu@kXgCyBOaCCsBFsBPk@HwBb@gKzC{AXeANeDP}DCcBOgAOoB_@eA[sBw@oAk@{EcC}OeIkZkOiKmFsPmIiA}@m@s@i@y@_@{@[aA}C{Lg@mBk@gBs@iBoA{B{AuBe@k@kAmAq@m@eAu@yBkAs@]kHiDiD}As@g@_@a@{@iAu@kAcBkCm@{@_AcAuCaCaFeEIAcCuBaHoGuGeGuCmCiBkBmFuHiBmC}D_G_A{AyCoEy@iAaA_Aq@c@kBq@uGiBuDiAi@OsA_@Cb@]vBIz@g@fJ_@vFBh@qCjRwArJa@~BeAhE{AdF}EdMgBtGw@`EaF|\qJjp@oEtZ}Hrg@wAzJmFf_@}DjXmAxJgBzLoAzIaCdPyI`m@mBxMeAhGi@~BcAlDyA|DoD`HeB|B}BfC{BnBeCbBmKxGwD`CeJrFe[vRkBhAoB`A_FtC_D~AcD~A}H|DeAl@iBnA_BrAk@j@kC`DkB~Cs@tAUz@wApDg@dBm@dCi@pCoClP{XtaBkB`NmAhLu@zJo@jKg@~KeB~`@{Af\}@|SItCApB@xCN|D`@bFVpB`@fCd@xBf@rBt@`CnSlj@rBrFtF|N~G|QxBhGdExK|BjGjBfFvAfDrAlDrEnM~FlO|AhEfBbF\nAzAjHf@jCvAzGrAdF~@xBv@xAdAvAzAfBnAlArBfBrIlHf[`X~FhFdDnC|NjLnBxAzD`DnAdAzBxBpA`BtBfDp@rAz@pBd@jAxApE~CzJlBlGjOde@`DjKdBtFAR?LhApDLn@J`AAn@Cn@[lCIrA]`EAdAHdAVhAJXl@`AtA|ALRvBi@rA[xA_@p@Uj@Mj@Ed@@\Fd@R`B|@~AbAhBbAfC_Rf@oCP{BHaBA_@B]PkA~@yDnE{Pj@yBTmATgCRgDTyDlBv@dBl@`C~@nExA|AX`AJzD{U"
"2011 Ford Focus","212 Alynn Way, Queenstown, MD 21658, USA","2015-06-09 12:17 PM","501-599 Allen Avenue, Stevensville, MD 21666, USA","2015-06-09 12:45 PM","16.38","27.82","1.56","29.41","0.56","1","1","0","0","0","38.9341296","-76.1640056","3.59999990463257","38.9153175","-76.362816","4","iislFbxzoM_APa@`@s@`A[f@s@f@iAGsAoAi@e@_Bi@iIpQoFhLI^C\Ht@yMHuAFqAJuAV_Bj@gAd@gAj@}Af@{APaA?cAKsF_AcB@{JL{^l@oJFeHByEEoA@yIn@eIv@}@Ta@Nw@d@oCzBg^h[jDtEfBtBrB~BjCbCvAtAhAtAr@bA\h@@H\j@h@`AuKpL{GdH~A|Df@ONAZJTX`@fAJTLPrHnZnKrb@nC~KjCnKf@dCd@dDXjCTpE@vDKlDKpBQnBy@|GgGdd@wK`y@kCtR{Kvz@w@bGWbBc@tBgCfLaBfKuBzMmB`OoDnZQlBKtAS`G[dHqDjb@_Exc@k@jGa@tEOnCa@nI_Bre@wBzo@EvCA`EJlHTvGX~D`@dEhBxMn@nFVbELbF@fDEnBKdDm@|Ji@jGw@dHu@rFyGhd@eGr`@c@dAc@bBm@nBcApC[`BCb@rA`@|Br@vA`@~H|BnAh@|@h@dAv@rDlFZTtDnF|BnD`DrEbChDdC~BvPxOlFvEFJ|BpB|AtAr@n@nCfCbAjArB`DrAhBNPtA~@tMfGr@\xBjAdAt@p@l@jAlAd@j@zAtBnAzBr@hBj@fBf@lB|CzLZ`A^z@h@x@l@r@hA|@rPlIv\|PvQdJ~M~GnAj@rBv@dAZnB^fANbBN|DBdDQdAOzAYfK{CvBc@j@IrBQrBG`CBxBNjXfClIt@fCJpB@dCIv@GhMeBfQ}B`Ek@Bl@A|WEdVxFHdC??zE"
"2011 Ford Focus","1406 Main Street, Stevensville, MD 21666, USA","2015-06-08 8:47 PM","212 Alynn Way, Queenstown, MD 21658, USA","2015-06-08 9:04 PM","8.71","16.85","0.78","31.21","0.28","0","2","0","0","0","38.9768029","-76.290868","4","38.9341296","-76.1640056","6","uu{lFjqspMK{A@_A@eAAc@uE_@o@G_@OACAGCEG}@HqBPwA`@aBx@wAhGoIhEyFrEmGt@iARe@Fk@PcCVoDgCf@q@NUAOAMISo@~@wXt@oTRgE~@aMzBwVhCwYfBwR\mFJeCL{EPuGDy@`BiO`BiOdAmIfAsHhDoTfBgIz@uDn@kDrA_KtCsS|Fmb@bCoQtByORQ?CN_@RGb@LRw@zAaDbO{ZlGqMz@aBbCoEz@qBRm@TeABu@Am@EcAVBp@ThErBpExBtBjAz@^`@LbD`@lBLz@Cv@UxAq@~EoCjCyBnDaDx@iAnPc^h@y@dA{@bAm@pC_AjNuCxBa@dE{ArAy@dFeCpAy@jAcAv@uAhDcItFcNxBaGpDiPPiANuBByDMoBa@_Dc@kBW{B[iECqBScC}@_GiFqZ{CaQsGo]uA{HYeAIu@B]H_@nFiLhIqQ~Ah@h@d@rAnAhAFr@g@Zg@r@aA`@a@~@Q"
"2011 Ford Focus","110 Pullman Crossing Road, Grasonville, MD 21638, USA","2015-06-08 8:39 PM","1406 Main Street, Stevensville, MD 21666, USA","2015-06-08 8:47 PM","4.72","8.04","0.43","30.79","0.15","0","0","0","0","0","38.9609359","-76.212925","5","38.9768029","-76.290868","4.80000019073486","uoxlF~jdpMpA_CzCzC{@`BwRba@{EzJYn@Sv@mAnIeB|MOpBgB|q@SxFMpAYlBe@tBcBxGqDrNg@lBu@jCYh@q@x@i@j@YRQKeAWoA[]CUA]FUFGYOs@I_A@g@Hk@Xw@pDoHZ_Ap@wCh@mDB_@A_@WgACQ@KD[FWHMR?JBLJL`@@NGl@FXw@tFmC~Li@jCkDtTgApH}CfWiBdPKtAS`G[dHgAlMiB|S_Exc@k@jGa@tEOnCa@nIwB~n@yAvc@ItDCtCDnFOl@QZKBG@yCWAdB?\DzADd@"
"2011 Ford Focus","212 Alynn Way, Queenstown, MD 21658, USA","2015-06-08 8:23 PM","110 Pullman Crossing Road, Grasonville, MD 21638, USA","2015-06-08 8:36 PM","5.00","13.33","0.49","28.73","0.17","0","0","0","0","0","38.9341296","-76.1640056","10","38.9609359","-76.212925","5","iislFbxzoM_APa@`@s@`A[f@s@f@iAGsAoAi@e@_Bi@iIpQoFhLI^C\Ht@yMHuAFqAJuAV_Bj@gAd@gAj@}Af@wANeA@cAKaEs@q@KcB@{JL{^l@oJFeHByEEoA@yIn@eIv@}@Ta@Nw@d@oCzBg^h[jDtEfBtBrB~BjCbCvAtAhAtAr@bA\h@@H\j@h@`AuKpL{GdH~A|Df@ONAZJTX`@fAJTLPrHnZnKrb@nC~KjCnKf@dCd@dDRbBCT?XF|AC^IVQRYX[HwA|@gGrCoAjAwAxBcBvBYp@f@lAnCvHf@fAfBvCbA~@j@RvBh@lIzBTHx@h@z@v@qA~B"
"2011 Ford Focus","60-62 Bryant Street Northwest, Washington, DC 20001, USA","2015-06-07 12:46 PM","212 Alynn Way, Queenstown, MD 21658, USA","2015-06-07 1:51 PM","50.75","65.31","4.00","35.53","1.43","2","1","3","0","0","38.921287","-77.0113987","4","38.9341296","-76.1640056","10","cyplFfh`uM?iJ?_BlCAxE@vBAXL`JD|@?ESGS}FqUgHaZuJea@gD}NeE{SoEoSu@iDPK\[|HmMdIyM`GkJtA_AzCc@xCSXFl@`@^HP@?mACqDCuJ?eHGgOKaJn@y[t@id@SmFuBuGuCoHa@cA}@gCq@oCc@oGHaFvC{[z@}JHoDIqJu@kIqB}Pi@wFGkE\iFd@cDtCkRjAaI|AyMrByVBgESuDoE}YaDePeDyLgDkJwCaHsCwF}BsDcB}B}BcCsCeC{JcH_J{G_E{DqEuFwKuQ{`@}q@yDuG_BwBiC{BwCyA_GsCqDgDwByDu@uBm@mCe@{DkEgnAgDi_AgDs~@}Bwo@]aSJiXj@kd@`Am_Ah@_T|BwWxJeaAt@wMHwGEmI}@cXmAi^mDacA}B}n@m@_H_AgHoA{GqCmKaEqL}Ryj@oBaGs@{Co@aEg@aGc@cb@_Ak~@e@ePsA_P_CyQwA}Ng@sOYih@uBmwDi@iLs@gHsLmz@gHig@wAcM{@_KyFuq@eF}m@kCcQiDyMoDgJ_Xwh@oX{d@eEuHoL{XsUoj@kDiIgGyO_BgG_@wBg@gEYuE[aS_Auq@iAmz@AmGLuOf@gNlCwd@`AcOtBwTXqETeL@uF]iLo@oIuC}UqDwWkIqm@}@{F_CgKoE_O}EqNqYi~@cEmLgDgG_BwBqDqDyJ}HmLcJkUgRi^{ZcG}FmBwCyA}CaBgG}D}RsAyE}Skk@_`@sdAiXet@oE{MgBgKq@mKFiLhBua@|Dg}@x@_Nx@mJbCcTpE_Y`RahAfDuRhBgH~CmIj@_BnAsBvDaFfEyD|@a@xMkGnDsB|D}CbNiIrDmBnM}Gde@iV`E{CzCaDbDsEhCgFjC}HjBaJ~D}XvGcd@lH_h@dBwJzUm`BxBiOjRuqA~H}i@hDwSnFe]bWggB|DeX|AyP|@kODcGKeFu@_KiBgMs@uGq@wLIeKNuIbEunAd@oLvAuQtIs`Ah@sJVwJFyBfBcQfDwYfAsHhDoTfBgIjBaJrPwmAv@yFtByORQ?CFSPQl@Jl@gBzE{JbVqf@nCuF`@sAHcCEcAVBp@TzKlFxDnBhATbD\rBB|@W`EwBzDeCvF_Fx@iAzEiK|JsShCiBpC_AjNuCxBa@hCaAnCsAvH_EjAcAv@uA~KgXxBaGfByHzAyHRoHo@oGu@kEQcBSsFqAcK{Gi`@sMus@a@kCvCeHdKyTf@iA~Ah@|BtBhAFr@g@nAiB`@a@|@Q@?"
"2011 Ford Focus","482-498 New York Avenue Northwest, Washington, DC 20532, USA","2015-06-07 12:23 PM","60-62 Bryant Street Northwest, Washington, DC 20001, USA","2015-06-07 12:36 PM","1.61","12.86","0.37","12.06","0.13","0","0","0","0","0","38.9039742","-77.0185832","65","38.921287","-77.0113987","4","}lmlFduauMeD_NfA@dFCd@?`B@V??j@CtG@dFAzD{E@qO@kO?{LAsJCWkAsBaIkEqQk@aC{@DcCNoJd@cKl@iEXSaC_@_C[uAg@uAEYAcB@uC"
"2011 Ford Focus","500-598 4th Street Northwest, Washington, DC 20001, USA","2015-06-07 11:47 AM","482-498 New York Avenue Northwest, Washington, DC 20532, USA","2015-06-07 11:57 AM","0.96","10.10","0.26","10.21","0.09","0","1","0","0","0","38.8965649","-77.0162016","10","38.9039742","-77.0185832","65","o~klFbfauMvA?A|J?hDoA?aDAuFA}E?mB@sD?m@@gF@AeFBgG?y@g@?kEC?|B@pBAvCBfC?TYAG?U_A"
"2011 Ford Focus","60 Channing Street Northwest, Washington, DC 20001, USA","2015-06-07 10:19 AM","500-598 4th Street Northwest, Washington, DC 20001, USA","2015-06-07 10:28 AM","2.24","9.84","0.30","20.98","0.11","1","0","0","0","0","38.922057","-77.011343","4.40000009536743","38.8965649","-77.0162016","10","m|plFzg`uMAqI~AAJIhBC`@A@{ApI?b]?fHBjFAzJ?rCAdI?hJ?~BBxD?|T@|I?~DAf@CT?n@GhD?@L?TBjHAbS?x@?V?~CsF@@fE|@?|A?"
"2011 Ford Focus","1854 2nd Street Northwest, Washington, DC 20001, USA","2015-06-06 11:15 AM","331-333 Elm Street Northwest, Washington, DC 20001, USA","2015-06-06 11:21 AM","0.37","6.09","0.14","7.20","0.05","0","0","0","0","0","38.915782","-77.014644","4.40000009536743","38.9174131","-77.017061","3.20000004768372","iwolFn|`uM@s@jAId@Ce@BoCNyG\l@rN"
"2011 Ford Focus","74 T Street Northwest, Washington, DC 20001, USA","2015-06-06 9:46 AM","1854 2nd Street Northwest, Washington, DC 20001, USA","2015-06-06 9:52 AM","0.79","5.91","0.17","13.27","0.06","0","0","0","0","0","38.915321","-77.011461","4.80000019073486","38.915782","-77.014644","4.40000009536743","iuolFph`uM?uM@S?McEAkA?DNFRpDxNtAdG~AjGiBHkCPyG\sAH?aE?UtA?tB?P?@~D|EWAr@"
"2011 Ford Focus","71 Bryant Street Northwest, Washington, DC 20001, USA","2015-06-06 9:33 AM","74 T Street Northwest, Washington, DC 20001, USA","2015-06-06 9:38 AM","0.81","5.00","0.16","14.51","0.06","0","0","0","0","0","38.921618","-77.011447","5.19999980926514","38.915321","-77.011461","4.80000019073486","m|plFph`uMAgJiBA?fF?lGpD?`@??TBzAL^b@nA^bBX~BFh@Fz@H?lAKpBMfH_@jEWjJi@x@EXAWaAwAqFGQAaB?}@Gk@?a@"
"2011 Ford Focus","4700 Cherry Hill Road, College Park, MD 20740, USA","2015-06-05 6:05 PM","71 Bryant Street Northwest, Washington, DC 20001, USA","2015-06-05 6:46 PM","10.69","41.06","1.29","23.14","0.46","7","3","0","0","0","39.0168245","-76.9298731","8","38.921618","-77.011447","5.19999980926514","}mcmFnjptMXs@f@oAvCzBv@sAjE{HlEn@J?VCt@HdC`@bAP|A^hBZxDr@pCh@|B^fB\~E|@fFx@tJ|AvDj@p@JpA~@dAz@h@|@Xx@TrAVlD?`BNtKF`OPzEZbE^fDt@bEr@hDrAgBn@_AhB}Ad@UjAs@b@_@`AoAbAcBpBsCtAuBjAmB|@gAxAiAvAu@`@Qn@Mv@Gr@ATA?U?TU@s@@w@Fo@La@PwAt@yAhA}@fAkAlBuAtBqBrCcAbBaAnAc@^kAr@e@TiB|Ao@~@sAfBv@tCpAtD`A`CvApCnAtBdAvAhB~BpAvApAjA`BpA`FbDhJ|FfDzBn[bSjCbBzBxAX\j@]f@QdA[\Er@ChDc@xDg@tC[xAShBSv@EhFSbAI\GxFsAv@YjB{@`Ai@t@i@vBcBfG}DbGoD`EkCdC_Bp@]hCcAnA]lAMxKg@dCIr@IpA]|Ac@nAWTB\RNNl@dA|DdHjAfBbBtBP^jBbCfChD`HxInDzElBhCvJzMrBpCnAlBjAtBr@lAnAvC`@bAh@lAvAfDh@jADRTd@rAvBnApA^h@dBnAxBfAzB|@fDfA`Cf@|Cj@bA^^Tx@v@\l@d@dARr@x@rEz@`GjDvVz@|Gh@tDPp@Vh@PFP`@n@r@^\`@XfCdBvJvGf@n@\n@Lh@Hv@DlCA~B@lDAbIA|@Fd@Ph@jDdExHjJnEfFn@x@tG|HTRXJjFzAv@XZT`A|@nDrEt@`Ah@x@Zp@jApD`A~CbDvK~CnKn@jBdA|B`BtDv@~Ax@lAdAhAxD~CzExDVZTh@Jd@PlB\`FX`F~R?|C?v@@?p@@v@hB@@fJ"
"2011 Ford Focus","9450-9464 Georgia Avenue, Silver Spring, MD 20910, USA","2015-06-05 5:16 PM","4700 Cherry Hill Road, College Park, MD 20740, USA","2015-06-05 5:38 PM","6.83","21.25","0.64","29.69","0.23","1","1","0","0","0","39.0097549","-77.0406539","65","39.0168245","-76.9298731","3.20000004768372","_bbmF~~euM{F|AqEdAw@i@QSMWQw@GOSWo@g@[g@Qy@KSEqRKiDUkCYyA_@{Ak@aBoAkC_DgGeB}Dc@kAy@uCg@cCc@eCSgBQyBMgCEmB?wBDoCD}@FqAf@mF`@yDn@kGb@eFPoDHwECwCKoEm@kJe@oGOgDAeBBoBHcBRuBb@oChA}FbA}FXsCLyDCoCGuAa@cEwJwl@yEyXaD_Ru@wF]kDWeEMgDE_DBwGHqCX}EfBuQ`BwOb@eHLsFGkQCsFIuIQsHWeGe@oIkAsNqCe]{A_PmBkUgAkMAmBC_CQkGEeBAwB@eEJ}CRaE`@wEr@iFz@uEbAaExFsRh@_Bl@sBb@eAP_@lD}FtAsBd@k@NMfBy@xDz@xAVHPFJDZ?N?^g@~@kBfDw@rAwC{Bg@nAWl@AD"
"2011 Ford Focus","4865 Cordell Avenue, Bethesda, MD 20814, USA","2015-06-05 4:54 PM","9422-9446 Georgia Avenue, Silver Spring, MD 20910, USA","2015-06-05 5:13 PM","5.13","18.97","0.70","21.20","0.24","4","2","0","0","0","38.989862","-77.097966","4","39.0094548","-77.0405474","106.248397827148","yd~lF|cquMnHdHuNgNY]MkBMgB{BZ}G|@iHz@iDPsGVS@IQAaJCeECkEAaAMqBKaAg@eCg@cBm@cBc@{@e@s@oAwA[a@CS?GEIO[Qw@u@kHa@uBcBwH}@cE[iBAGCCEGEe@KeACYAmAB{@Fw@p@aGHoAD}BR}EF[HcBTkDn@qJr@kKz@cHV{DZwFf@eID{@HWDy@Nk@\KdAMpKIh@Cf@I`@QPQv@gAzCeFbAgA|@k@`@Q^cDVcBRmAh@wDN[Jq@NgATuBLiBBqCg@oNUeB_@mBs@uCwAwFg@eB]_AIT{BdEWRi@`Ai@v@k@f@YPOL]BeETy@As@Ek@Os@Sg@[c@Yc@g@m@_AcBaDkDdDk@n@_@t@Qd@Of@q@tBq@m@mC}BsD_DoAy@u@c@aB{AmBqBuAaB_EkF{C{D}AuB}@eAqBqCaDkFaAaBoAqBXaFLaCDYDg@\kHR_D?o@E_@}@TcBb@"
"2011 Ford Focus","Anacostia Tributary Trail System, College Park, MD 20740, USA","2015-06-05 2:30 PM","4865 Cordell Avenue, Bethesda, MD 20814, USA","2015-06-05 3:05 PM","12.20","34.55","1.50","23.28","0.52","3","3","0","0","0","38.9958861","-76.9342272","4","38.989862","-77.097966","4","ui_mF~oqtMI@IJCPAd@LhFDnAhAm@\Ob@O|@M`BECmJ@CX?hBCR?S?DlIY@?j@iAEmBBw@Fo@La@PwAt@yAhA}@fAkAlBuAtBqBrCcAbBaAnAc@^kAr@e@TiB|Ao@~@sAfBi@r@ENUfAg@dFsBlTuAbNwCxZaAhKKxBGdBAxCB~AJvBpAxNx@bKC|@E|@gDbF{ItMWm@a@y@}BwDkAeBWUg@[u@YgJmBoAU}AOwKq@mJo@yAYcE_AcC[}CWuHo@_@AyDBsAAe@By@R]Nm@X}@t@oArAkB`CuAxAaAl@gA`@_AJ{@BaA?{CIoAIs@Sk@UqAy@w@q@QVEPEZ?\Hb@TlAxAvEnDrNpAnFz@|DjBpHfBbHvAtFb@|ApAi@tB}@f@Jp@RXV`@x@rA~CXxAFrAAx@KlCEx@HdAIpDCbDJfHTrEf@jG^bD`AtGfHta@~B|NjFvZ~@|FXzCHhCEpDGjAKzA]hCgA~FwA~HSvBItAElB@zABbADlAv@pKXfENjCFxD?|CK~EOnCiA`McApJSbDMdE?tADhDNnCNlBVrBXhBx@xDdAhDn@`BfFfKz@hBn@`B\hAVjATtANjBFvAFrI?tJEnIQvSg@pl@I|HMlEo@vMm@hKEhDFdBVvB`@dB`@fAZl@j@~@j@p@jAbAjD|BvBvAvAdAbAbA~AtBfDdEfA~@dFfD~@x@n@t@h@z@`@|@^hAZhBVxBNdDMZ?BDfAHpBHpC@hCItCMbCQtAMp@Wt@g@|AWbAIj@?fAFj@H`@Nd@LZd@j@x@r@h@d@tByABChBy@j@QlA[~AUdCUpHs@zD_@hCKTNFJDTFp@GZS|EE|BEh@SnBg@tEEt@?lADx@JdADd@?JAD?BF^jAzFxBvK\rCNdBH|@Nt@HVFRN\VRfAnAn@v@b@t@`@z@r@tBb@~AR`AZnCFtABjABhHBhG?hDGR@\N?|COlBKVVTRPPVb@R^TTRLd@PVD^A^E|@Y~Eu@tGeA|AQX\dE`E"
"2011 Ford Focus","The Catholic University of America, 625-629 Monroe Street Northeast, Washington, DC 20017, USA","2015-06-05 8:09 AM","Anacostia Tributary Trail System, College Park, MD 20740, USA","2015-06-05 8:41 AM","6.48","31.30","0.92","19.51","0.33","5","0","0","0","0","38.9323548","-76.9963878","5","38.9958861","-76.9342272","4","i~rlFlj}tMAyJEaEUuL]yQSoJCk@AsASgLY}NQgM?qP@}J?iX?cJ?KPg@J[gFiNcDoIKYmGyPDICWGQIEEAC@k@kA_DiIcEyKqAmCm@iA}DgGo@y@yEmH{CuEeBmCcBiCmFyIkCeEoCyD]c@w@kAwAeBu@y@aB}AaEyDiBgBqG{Ek@Yu@k@cAu@cBmA]SYGeCOA~BxDLDaB]SYGaH[sAMiDOuF[qSgA}F_@}Ky@aL{@km@{EyAGoBG}N?_G?mB@u@KeKAyFA}F@eCEmDYkAQkA[mAWe@OyAi@kB{@eB{@_CsAiBoAcDiB[QI^KnB@v@LfALv@[L_A\qAb@qAf@e@BeG@sKBu@?aBCaBD}@Lc@N]NIgCQyDEKIEW@"
"2011 Ford Focus","71 Bryant Street Northwest, Washington, DC 20001, USA","2015-06-05 7:54 AM","The Catholic University of America, 625-629 Monroe Street Northeast, Washington, DC 20017, USA","2015-06-05 8:04 AM","1.32","10.33","0.28","13.35","0.10","0","0","0","0","0","38.921618","-77.011447","10","38.9323548","-76.9963878","5","m|plFph`uMAgJ~AAJI?_B@]cBBsB@yICyIAeD@M}AIiB]aFQmBKe@Ui@W[eCqBuAgAyD_DeAiAy@mAw@_BaBuDeA}Bo@kB_DoKa@uAAK?w@C{ACq@AeD"